{
  "Rntc": 50000,
  "R1": 330000,
  "VCC": 5,
  "A": 1.129148e-3,
  "B": 2.34125e-4,
  "C": 8.76741e-8
}
