{
  "AdcCorr": 0,
  "VccA0": 3.3,
  "VccR1": 5,
  "R1": 330000,
  "A": 9.656249129e-4,
  "B": 2.106952165e-4,
  "C": 8.582985056e-8
}
